{
    "soh_warning": 90.35130000000001,
    "soh_critical": 88.35643,
    "mae_rul": 1045.035947330826,
    "mse_rul": 1821210.5069815665,
    "rmse_rul": 1349.5223254846755,
    "r2_rul": 0.8915549351362795,
    "total_cycles": 14268,
    "capacity_start": 4.6176,
    "capacity_end": 3.8716
}