{
    "soh_warning": 76.55,
    "soh_critical": 69.47,
    "mae_rul": 806.0162026628215,
    "mse_rul": 1071013.1908751111,
    "rmse_rul": 1034.8976716927675,
    "r2_rul": 0.9362259483219488,
    "total_cycles": 14268,
    "capacity_start": 4.6176,
    "capacity_end": 3.8716
}